ISBN,Title,Authors,Publisher,Published Date,Rating,Review Count
0195153448,Classical Mythology,"['Mark P. O. Morford', 'Robert J. Lenardon']","Oxford University Press, USA",2003,,
0060973129,Decision in Normandy,"[""Carlo D'Este""]",Harper Perennial,1991,4.0,2.0
0374157065,Flu,['Gina Bari Kolata'],Macmillan,1999,3.5,18.0
0393045218,The Mummies of Ürümchi,['E. J. W. Barber'],W. W. Norton,1999,4.0,3.0
0399135782,The Kitchen God's Wife,['Amy Tan'],Putnam Publishing Group,1991,4.0,34.0
0425176428,What If?,"['Robert Cowley', 'Stephen E. Ambrose']",Berkley Publishing Group,2000,5.0,1.0
0679425608,Under the Black Flag,['David Cordingly'],Random House Incorporated,1996,3.5,26.0
074322678X,Where You'll Find Me,['Ann Beattie'],Scribner,2002,3.0,3.0
0771074670,Nights Below Station Street,['David Adams Richards'],Emblem Editions,1997,4.0,3.0
080652121X,Hitler's Secret Bankers,['Adam LeBor'],Citadel Press,2000-08-01,,
0887841740,The Middle Stories,['Sheila Heti'],House of Anansi,2001,,
1558746218,A Second Chicken Soup for the Woman's Soul,['Jack Canfield'],Hci,1998,3.0,2.0
1575663937,More Cunning Than Man,['Robert Hendrickson'],Zebra Books,1999,2.0,1.0
1881320189,Goodbye to the Buttermilk Sky,['Julia Oliver'],River City Pub,1994,,
0440234743,The Testament,['John Grisham'],Island Books,2000,4.0,62.0
0452264464,Beloved,['Toni Morrison'],Plume Books,1988,4.0,3.0
0609804618,Our Dumb Century,['Scott Dikkers'],Crown,1999,4.5,15.0
1841721522,New Vegetarian,"['Celia Brooks Brown', 'Philip Webb']",,2001,,
1879384493,If I'd Known Then What I Know Now,['J. R. Parrish'],J.R. Parrish,2003,,
0061076031,Mary-Kate & Ashley Switching Goals,['Mary-Kate & Ashley Olsen'],Harper Collins,2000-04-05,2.0,1.0
0439095026,Tell Me This Isn't Happening!,['Robynn Clairday'],Scholastic Paperbacks,1999,5.0,1.0
0689821166,Flood,"['Kathleen Duey', 'Karen A. Bale']",Simon and Schuster,1998-07,,
0971880107,Wild Animus,['Rich Shapero'],Too Far Pub,2004,1.0,7.0
0345402871,Airframe,['Michael Crichton'],"Random House Digital, Inc.",1997,3.5,45.0
0345417623,Timeline,['Michael Crichton'],,2000,3.5,6.0
0684823802,Out of the Silent Planet,['Clive Staples Lewis'],Scribner,1996,3.5,98.0
0375759778,Prague,['Arthur Phillips'],Random House Trade Paperbacks,2003-06-10,3.5,17.0
0425163091,Chocolate Jesus,['Stephan Jaramillo'],Berkley Trade,1998,,
3404921038,Wie Barney es sieht,['Mordecai Richler'],Bergisch Gladbach [Germany] : BLT,2002,,
3442353866,Der Fluch der Kaiserin,"['Eleanor Cooney', 'Daniel Altieri']",,2001-01,,
3442410665,Sturmzeit,['Charlotte Link'],,1991,,
3442446937,Tage der Unschuld,['Richard North Patterson'],,2000,,
0375406328,Lying Awake,['Mark Salzman'],Alfred a Knopf Incorporated,2000,4.0,16.0
0446310786,To Kill a Mockingbird,['Harper Lee'],Grand Central Publishing,1988-10-11,4.5,2159.0
0449005615,Under the Tuscan Sun,['Frances Mayes'],,2002,4.5,3.0
0060168013,Pigs in Heaven,['Barbara Kingsolver'],"New York, NY : HarperCollins",1993,4.0,35.0
038078243X,Miss Zukas and the Raven's Dance,['Jo Dereske'],Avon,1996-12-01,4.0,2.0
055321215X,Pride and Prejudice,['Jane Austen'],Bantam Classics,1983-12-01,4.0,451.0
067176537X,Therapeutic Touch,['Dolores Krieger'],Simon and Schuster,1979-05,,
0061099686,Downtown,['Anne Rivers Siddons'],HarperTorch,1995-05-24,4.5,4.0
0553582909,Icebound,['Dean Koontz'],Bantam,2000,3.5,11.0
0671888587,I'll Be Seeing You,['Mary Higgins Clark'],Simon and Schuster,1994-05,3.5,5.0
0553582747,From the Corner of His Eye,['Dean Ray Koontz'],Bantam,2001,4.0,42.0
0425182908,Isle of Dogs,['Patricia Cornwell'],National Geographic Books,2002-10-01,2.0,10.0
042518630X,Purity in Death,['J. D. Robb'],National Geographic Books,2002-08-27,4.0,20.0
0440223571,This Year it Will be Different and Other Stories,['Maeve Binchy'],Dell Publishing Company,1997-10,5.0,1.0
0812523873,Proxies,['Laura J. Mixon'],Tor Books,1999,5.0,1.0
0842342702,Left Behind,"['Tim LaHaye', 'Jerry B. Jenkins']",Tyndale House Pub,1998,3.5,3837.0
0440225701,The Street Lawyer,['John Grisham'],Dell Publishing Company,1999,3.5,65.0
0060914068,"Love, Medicine, & Miracles",['Bernie S. Siegel'],HarperCollins Publishers,1988,4.5,2.0
0156047624,All the King's Men,['Robert Penn Warren'],Harvest Books,1982,4.0,109.0
0245542957,The Pacific Northwest,['Hans Hoefer'],,1985,,
0380715899,A Soldier of the Great War,['Mark Helprin'],,1992,4.0,29.0
0553280333,Getting Well Again,"['O. Carl Simonton, M.D.', 'James Creighton, Ph.D.', 'Stephanie Matthews Simonton']",Bantam,1992-04-01,,
0671623249,Lonesome Dove,['Larry McMurtry'],"New York : Pocket Books ; Markham, Ont. : Distributed in Canada by PaperJacks",1985,4.5,132.0
0679810307,Shabanu,['Suzanne Fisher Staples'],Laurel Leaf,1989,3.5,24.0
0679865691,Haveli,['Suzanne Fisher Staples'],Laurel Leaf,1995,3.5,14.0
2070423204,Lieux dits,['Michel Tournier'],Editions Gallimard,2002,,
0345260317,The Dragons of Eden,['Carl Sagan'],,1978,5.0,2.0
0394743741,The Yawning Heights,['Aleksandr Zinoviev'],,1980-01-01,,
0804106304,The Joy Luck Club,['Amy Tan'],,1990,4.0,3.0
1853262404,Heart of Darkness and Other Stories,['Joseph Conrad'],Wordsworth Editions,1995,3.0,6.0
0312970242,Deepak Chopra's The Angel is Near,"['Deepak Chopra', 'Martin Greenberg']",Macmillan,2000-08-15,,
1853260053,Tess of the D'Urbervilles,['Thomas Hardy'],Wordsworth Editions,1992,,
0060938412,The Accidental Virgin,['Valerie Frankel'],William Morrow Paperbacks,2003,3.0,5.0
0140067477,The Tao of Pooh,['Benjamin Hoff'],Penguin Group USA,1983,3.5,79.0
0345465083,Seabiscuit,['Laura Hillenbrand'],"Random House Digital, Inc.",2003,4.0,20.0
1558531025,Life's Little Instruction Book,['H. Jackson Brown'],,1991,4.0,3.0
0441783589,Starship Troopers,['Robert Anson Heinlein'],Ace,1987,4.0,15.0
0394895894,The Ruby in the Smoke,['Philip Pullman'],Random House of Canada,1985,3.5,50.0
1569871213,Black Beauty,['Anna Sewell'],Landoll,1995,,
0375410538,Anil's Ghost,['Michael Ondaatje'],Knopf,2000,3.5,42.0
0743403843,Decipher,['Stel Pavlou'],Simon & Schuster (Trade Division),2001,4.0,7.0
0060930365,My First Cousin Once Removed,['Sarah Payne Stuart'],Harper Perennial,1999-10-20,,
0060177586,Standing Firm,['Dan Quayle'],Harpercollins,1994,3.0,2.0
0071416331,Team Bush,['Donald F. Kettl'],McGraw Hill Professional,2003-02-19,,
0375509038,The Right Man,['David Frum'],Random House Incorporated,2003,3.0,1.0
0553062042,The Daybreakers,"[""Louis L'Amour""]",,1981,3.5,9.0
0316769487,The Catcher in the Rye,['J.D. Salinger'],"Little, Brown",1991-05-01,3.5,2725.0
8445071777,El retorno del rey,['John Ronald Reuel Tolkien'],Distribooks,1991,,
0679429220,Midnight in the Garden of Good and Evil,['John Berendt'],Random House,1994-01-13,3.5,167.0
0671867156,Pretend You Don't See Her,['Mary Higgins Clark'],Simon and Schuster,1997,3.0,9.0
0312252617,Fast Women,['Jennifer Crusie'],St Martins Press,2001,3.5,27.0
0312261594,Female Intelligence,['Jane Heller'],St. Martin's Press,2001-04-21,3.5,3.0
0316748641,Pasquale's Nose,['Michael Rips'],Back Bay Books,2002-04-09,4.0,1.0
0316973742,The Gospel of Judas,['Simon Mawer'],Back Bay Books,2002-05-08,4.0,5.0
0446677450,"Rich Dad, Poor Dad","['Robert T. Kiyosaki', 'Sharon L. Lechter']",Business Plus,2000,4.0,86.0
0451166892,The Pillars of the Earth,['Ken Follett'],Penguin Books,1990-07-09,3.5,3330.0
0553347594,McDonald's,['John F. Love'],Bantam,1995,4.0,3.0
0671621009,Creating Wealth,['Robert G. Allen'],Touchstone,1986,3.5,2.0
067976397X,Corelli's Mandolin,['Louis de Bernieres'],Vintage,1995-08-29,2.5,25.0
0684822733,"Love, Miracles, and Animal Healing","['Allen M. Schoen', 'Pam Proctor']",Fireside,1996,4.0,1.0
0786868716,The Five People You Meet in Heaven,['Mitch Albom'],Hyperion,2003-09-23,3.5,256.0
8472238822,Tu nombre escrito en el agua,['Irene González Frei'],,1995,4.0,1.0
0671864769,Relics,['Michael Jan Friedman'],Pocket Books/Star Trek,1992,4.0,2.0
0440222303,"The Touch of Your Shadow, the Whisper of Your Name","['Neal Barrett', 'J. Michael Straczynski']",Dell Publishing Company,1996,,
0312953453,Blood Oath,['David Morrell'],Macmillan,1994-10-15,3.5,2.0
0446608653,The Alibi,['Sandra Brown'],Grand Central Publishing,2000-08-01,3.5,14.0
0446612618,A Kiss Remembered,['Sandra Brown'],Grand Central Publishing,2003-04-01,2.5,7.0
0451208080,The Short Forever,['Stuart Woods'],National Geographic Books,2003-01-28,4.0,9.0
0553584383,Dead Aim,['Iris Johansen'],National Geographic Books,2004-03-02,3.0,5.0
0671027360,Angels & Demons,['Dan Brown'],Pocket Star,2001,3.5,424.0
0812575954,The Deal,['Joe Hutsko'],Forge Books,2000-01-27,5.0,1.0
0316735736,All He Ever Wanted,['Anita Shreve'],Back Bay Books,2004-01-20,3.0,42.0
0743439740,Every Breath You Take,['Ann Rule'],Pocket Books,2002-12-01,4.5,5.0
0345372700,"If I Ever Get Back to Georgia, I'm Gonna Nail My Feet to the Ground",['Lewis Grizzard'],Ballantine Books,1991-12-13,,
0380619458,The Mosquito Coast,['Paul Theroux'],Avon Books,1986,4.5,2.0
0446325805,"If Love Were Oil, I'd Be About a Quart Low",['Lewis Grizzard'],Grand Central Pub,1994-05-01,,
0451406923,"Goodbye, My Little Ones","['Charles Hickey', 'Todd Lighty', ""John O'Brien""]",Onyx Books,1996,5.0,1.0
0671042858,The Girl Who Loved Tom Gordon,['Stephen King'],Pocket Books,1999,3.5,103.0
0743249992,Bringing Down the House,['Ben Mezrich'],Simon and Schuster,2003-09-15,4.0,10.0
0840734530,The Oneprince,['Bill Hand'],Thomas Nelson Incorporated,1992,5.0,1.0
0425184226,The Sum of All Fears,['Tom Clancy'],Berkley,1991,3.0,1.0
0375500766,Care Packages,['Dana Reeve'],Random House Incorporated,1999,4.0,1.0
9724119378,O Deus das pequenas coisas,"['Arundhati Roy', 'Teresa Casal']",,2002,,
0451205197,Lady in Green and Minor Indiscretions,['Barbara Metzger'],Signet,2002-01-25,,
0060976845,Little Altars Everywhere,['Rebecca Wells'],Harper Paperbacks,1996,4.0,22.0
0061099325,Coyote Waits,['Tony Hillerman'],Harper Collins,1992-12,3.5,9.0
0671004573,Before I Say Good-Bye,['Mary Higgins Clark'],Pocket Books,2001-04-01,2.5,9.0
0446601640,Slow Waltz in Cedar Bend,['Robert James Waller'],Grand Central Pub,1994,3.5,50.0
0330484516,20-Minute Retreats,['Rachel Harris'],,2001,,
038572179X,Atonement,['Ian McEwan'],Anchor,2003-02-25,3.5,177.0
0393020371,Next,['Michael M. Lewis'],W. W. Norton & Company,2001,4.0,3.0
1900850303,The Angelic Darkness,['Richard Zimler'],,2000,,
1903019699,The Soulbane Stratagem,['Norman Jetmundsen'],John Hunt Pub,2004,,
0345425294,Gangster,['Lorenzo Carcaterra'],National Geographic Books,2002-07-30,5.0,1.0
0451410319,Hush,['Anne Frasier'],Onyx Books,2002,4.5,5.0
0553583468,Whisper of Evil,['Kay Hooper'],National Geographic Books,2002-06-25,3.5,6.0
8420639133,Temor y temblor,"['Søren Kierkegaard', 'Vicente Simón Merchán']",Alianza Editorial Sa,2005,,
8476409419,Estudios sobre el amor,"['José Ortega y Gasset', 'Jose Luís Molinuevo']",EDAF,1995,,
0380778556,Rebecca,['Daphne Du Maurier'],Avon,1994-11-01,4.0,1077.0
0451525221,The Scarlet Letter,"['Nathaniel Hawthorne', 'Leo Marx']",Signet Classics,1988,3.0,31.0
0002740230,Keep It Simple,['Nick Page'],Fount,1998-12,5.0,1.0
0385336772,Diary of a Mad Mom-to-be,['Laura Wolf'],Delta,2003,3.5,3.0
0440949424,Locked in Time,['Lois Duncan'],Laurel Leaf,1986,4.0,17.0
0505524996,Contact,['Susan Grant'],,2002,,
0140252800,The Brimstone Wedding,['Barbara Vine'],Penguin UK,1996,4.0,4.0
0451452755,The Catswold Portal,['Shirley Rousseau Murphy'],Roc,1993,4.0,2.0
0812575482,Through Wolf's Eyes,['Jane Lindskold'],Tor Fantasy,2002-06-17,3.5,17.0
044651747X,Puerto Vallarta Squeeze,['Robert James Waller'],Grand Central Publishing,1995-10-26,4.0,2.0
0060801263,A Tree Grows in Brooklyn,['Betty Smith'],HarperCollins Publishers,1947,4.5,32.0
0061030147,Cybill Disobedience,"['Cybill Shepherd', 'Aimee Lee Ball']",Avon Books,2001,2.0,10.0
0140250964,Snow Angels,"[""Stewart O'Nan""]",Penguin Mass Market,1995,3.0,10.0
0446527165,Wish You Well,['David Baldacci'],Grand Central Publishing,2000-10-24,4.0,40.0
0671461494,The Hitchhiker's Guide to the Galaxy,['Douglas Adams'],,1981,4.0,3410.0
0385337639,Crow Lake,['Mary Lawson'],Dial Press Trade Paperback,2003-01-13,3.5,5.0
039575514X,My Ántonia,['Willa Cather'],Houghton Mifflin Harcourt,1995,4.5,10.0
0451206673,Pen Pals,['Olivia Goldsmith'],Penguin,2002,,
0330332775,Bridget Jones's Diary,['Helen Fielding'],Pan Macmillan Adult,1997,3.5,2977.0
0486284735,Pride and Prejudice,['Jane Austen'],Courier Corporation,1995-01-01,4.5,7.0
0671021745,Eye on Crime,['Franklin W. Dixon'],Simon & Schuster/Paula Wiseman Books,1998,,
0671047612,Skin & Bones,['Franklin W. Dixon'],Simon & Schuster/Paula Wiseman Books,2000,,
0671504282,Law of the Jungle,['Franklin W. Dixon'],Simon Pulse,1995,,
0399138684,The Cat who Came to Breakfast,['Lilian Jackson Braun'],Putnam Publishing Group,1994,4.0,7.0
0785263292,"If Singleness Is a Gift, What's the Return Policy?","['Holly Virden', 'Michelle McKinney Hammond']",Thomas Nelson Incorporated,2003,5.0,2.0
0830714014,Always Daddy's Girl,['H. Norman Wright'],Baker Publishing Group,1989,,
0345354931,Night Mare,['Piers Anthony'],National Geographic Books,1987-12-12,4.0,5.0
0553278223,The Martian Chronicles,['Ray Bradbury'],,1977,4.0,12.0
3257203659,Der illustrierte Mann,['Ray Bradbury'],,1977,,
3257208626,Fahrenheit 451[vierhunderteinundfünfzig],['Ray Bradbury'],Distribooks Incorporated,1981,5.0,1.0
3257208634,Die Mars-Chroniken,['Ray Bradbury'],,1981,5.0,1.0
3257208669,Das Böse kommt auf leisen Sohlen,['Ray Bradbury'],,1981,,
3257210450,Löwenzahnwein,['Ray Bradbury'],,1983,,
3257212054,Das Kind von morgen,['Ray Bradbury'],,2000,2.0,1.0
3257212429,Die Mechanismen der Freude,['Ray Bradbury'],,1985,,
3257214154,Familientreffen,['Ray Bradbury'],,1986,,
3257216416,Der Tod kommt schnell in Mexico,['Ray Bradbury'],,1988-01,,
3257233051,Veronika beschliesst zu sterben,['Paulo Coelho'],Distribooks,2002-01,,
342311360X,Die Liebe in den Zeiten der Cholera,['Gabriel García Márquez'],,1990,,
3423116714,Die Klone der Joanna May,"['Fay Weldon', 'Sigrid Ruschmeier']",,1993,,
3423241489,Ist mein Hintern wirklich so dick?,['Arabella Weir'],,1998,,
3426605686,Haifischfrauen,['Kiana Davenport'],,1996,,
3453212150,Die Cappuccino-Jahre,['Sue Townsend'],,2002,,
3462021095,Schwarzer Tee mit drei Stück Zucker,['Renan Demirkan'],,1991,,
3492045642,Querschüsse,['Michael Moore'],,2003,,
3498020862,Die Korrekturen,['Jonathan Franzen'],,2002,,
3499110695,Neun Erzählungen,['Jerome D. Salinger'],,1974,,
3499151502,"Hebt den Dachbalken hoch, Zimmerleute und Seymour wird vorgestellt",['Jerome D. Salinger'],,1983,3.0,1.0
3518111000,Ulysses,['James Joyce'],,1986,,
3548254268,Eine ganz normale Affäre,['Joanna Trollope'],,2002,,
3570300099,"Das Intimleben des Adrian Mole, 13 3/4 Jahre",['Sue Townsend'],,2002,,
3596292646,Das Buch der lächerlichen Liebe,['Milan Kundera'],,1989,4.0,2.0
0060977493,The God of Small Things,['Arundhati Roy'],HarperCollins,1998-05-06,4.5,5.0
0312872682,The James Dean Affair,['Robert S. Levinson'],Forge Books,2000,,
0316693006,Four Blind Mice,['James Patterson'],Little Brown & Company,2002,4.0,30.0
0345311396,Private Screening,['Richard North Patterson'],Ballantine Books,1986-06-12,3.5,4.0
0345378490,Congo,['Michael Crichton'],Del Rey,1993,3.0,39.0
0345404793,Protect and Defend,['Richard North Patterson'],Ballantine Books,2000,4.0,7.0
0345433173,The Tall Pine Polka,['Lorna Landvik'],,1999,3.5,9.0
0375400117,Memoirs of a Geisha,['Arthur Golden'],Knopf,1997,4.0,1619.0
0375705856,Plainsong,['Kent Haruf'],Vintage,1999,4.0,114.0
0380718332,All That Remains,['Patricia Cornwell'],Avon,1993-07-01,3.0,7.0
0380754509,The Case of the Lost Lookalike,['Carol J. Farley'],,1988,4.0,1.0
038076654X,Petals on the River,['Kathleen E. Woodiwiss'],William Morrow Paperbacks,1997-12-01,4.0,5.0
0380807866,The Elusive Flame,['Kathleen E. Woodiwiss'],Avon,1999-05-01,5.0,1.0
0385316895,Legacy of Silence,['Belva Plain'],,1998,,
0385497466,The Brethren,['John Grisham'],National Geographic Books,2000-02-01,3.5,37.0
0385508042,The King of Torts,['John Grisham'],Doubleday,2003-02-04,3.5,33.0
0385509456,The Curious Incident of the Dog in the Night-time,['Mark Haddon'],Random House LLC,2003,3.5,3825.0
0385511612,Bleachers,['John Grisham'],Doubleday,2003-09-09,3.5,7.0
0385730586,The Sisterhood of the Traveling Pants,['Ann Brashares'],Ember,2003,4.0,194.0
0425164403,Only Love,['Erich Segal'],Berkley Publishing Group,1998,3.0,1.0
0440234964,All or Nothing,['Elizabeth Adler'],National Geographic Books,2000-09-12,3.0,1.0
0449006522,The Manhattan Hunt Club,['John Saul'],National Geographic Books,2002-04-30,3.5,8.0
0449911004,Patty Jane's House of Curl,['Lorna Landvik'],Ballantine Books,1996-09-03,3.5,16.0
0451162072,Pet Sematary,['Stephen King'],New Amer Library,1984,4.0,2931.0
0451186648,Silent Snow,['Steve Thayer'],Signet Book,2000-08-28,3.0,1.0
0452282152,Girl with a Pearl Earring,['Tracy Chevalier'],Plume,2003,3.5,2869.0
051513290X,Summer of Storms,['Judith Kelman'],Jove Publications,2002,,
0553580388,The Patient,['Michael Palmer'],Bantam,2001,3.0,8.0
0590598848,Demona's Revenge,['Francine Hughes'],Scholastic Paperbacks,1995,,
0590629719,Clifford's Sports Day,['Norman Bridwell'],Cartwheel Books,1996,,
0671027387,Deception Point,['Dan Brown'],,2002,3.5,3245.0
0684848783,Tis,['Frank McCourt'],Scribner,1999-09-21,,
0786863986,A Monk Swimming,['Malachy McCourt'],Hachette Books,1998-05-27,,
0803251718,Crazy Horse,['Mari Sandoz'],Bison Books,1942,,
0804117934,The Silent Cry,['Anne Perry'],"Random House Digital, Inc.",1998,3.0,5.0
140003180X,The Kalahari Typing School for Men,['Alexander McCall Smith'],National Geographic Books,2004-03-09,3.5,46.0
155874262X,Chicken Soup for the Soul,"['Jack Canfield', 'Mark Victor Hansen']",Hci,1993,4.0,14.0
0060987103,Wicked,['Gregory Maguire'],Harper Collins,1996-09-27,3.0,528.0
0151008116,Life of Pi,['Yann Martel'],Houghton Mifflin Harcourt,2001,3.5,2838.0
0375704965,A Judgement in Stone,['Ruth Rendell'],Vintage Crime/Black Lizard,2000,4.0,14.0
0525947647,Lies (and the Lying Liars who Tell Them),['Al Franken'],Dutton Adult,2003,3.5,42.0
0804111359,The Secret History,['Donna Tartt'],Ballantine Books,1993,3.5,281.0
1558744150,Chicken Soup for the Woman's Soul,"['Jack Canfield', 'Mark Victor Hansen', 'Jennifer Read Hawthorne', 'Marci Shimoff']",Hci,1996,3.5,5.0
0435272683,Great Expectations,"['Charles Dickens', 'Florence Bell']",Delta Systems Company Incorporated,1993,,
0316782505,The Weight of Water,['Anita Shreve'],Lb Books,2001,3.5,25.0
006102063X,Moving Pictures,['Terry Pratchett'],HarperTorch,2002-02-05,3.5,55.0
0060013117,Night Watch,['Terry Pratchett'],Harper,2002-11-05,4.5,74.0
0060199563,Thief of Time,['Terry Pratchett'],Harper,2001-04-24,4.0,53.0
006052779X,Charlotte's Web Book and Charm,"['E. B. White', 'Kate DiCamillo']",Festival,2003-06-03,3.0,1.0
0060563079,Peter Pan: The Original Story,['J. M. Barrie'],HarperFestival,2003-11-01,3.0,4.0
0061040967,The Last Hero,"['Terry Pratchett', 'Paul Kidby']",Harper,2001-10-16,4.0,36.0
0061050474,Jingo,['Terry Pratchett'],Harper Voyager,1998-05-19,3.5,59.0
0061052515,Maskerade,['Terry Pratchett'],Harper Voyager,1997-09-12,,
0061052523,Interesting Times,['Terry Pratchett'],Victor Gollancz,1994,3.5,31.0
0064472264,"On the Bright Side, I'm Now the Girlfriend of a Sex God",['Louise Rennison'],Harper Collins,2002-05-14,4.5,8.0
0140620664,Mansfield Park,['Jane Austen'],,1994,3.0,2.0
0312148267,The Wind in the Willows,['Kenneth Grahame'],Macmillan,1996-10-15,,
0312156960,The Winter King,['Bernard Cornwell'],St. Martin's Griffin,1995,4.0,12.0
0312890044,Moonheart,['Charles de Lint'],Macmillan,1994-02-15,3.5,17.0
034543191X,The King of Elfland's Daughter,['Lord Dunsany'],National Geographic Books,1999-07-06,3.5,18.0
0373836023,Powder And Patch,['Georgette Heyer'],Harlequin,2004-02-01,3.0,13.0
0375751513,The Picture of Dorian Gray,['Oscar Wilde'],Modern Library,1998,4.0,2238.0
0375801677,The Iron Giant,['Ted Hughes'],Cambridge University Press,1999,4.0,20.0
0375814248,James and the Giant Peach,['Roald Dahl'],Knopf Books for Young Readers,2002,4.0,140.0
0375823352,His Dark Materials: The Amber Spyglass (Book 3),['Philip Pullman'],National Geographic Books,2002-09-10,3.5,187.0
037582345X,His Dark Materials: The Golden Compass (Book 1),['Philip Pullman'],Knopf Books for Young Readers,2002-09-10,5.0,2.0
0375823468,His Dark Materials: The Subtle Knife (Book 2),['Philip Pullman'],National Geographic Books,2002-09-10,3.5,154.0
0380730448,Adrian Mole Diaries,['Sue Townsend'],Harper Collins,1997-09,,
0380973839,The Martian Chronicles,['Ray Bradbury'],Harper Collins,1997-02-01,4.0,176.0
0385327773,The Great God Pan,['Donna Jo Napoli'],Wendy Lamb,2003,5.0,1.0
0394586239,Possession,['Antonia Susan Byatt'],,2004,4.0,128.0
0439510112,Born Confused,['Tanuja Desai Hidier'],Scholastic Inc.,2003,4.0,24.0
0440241413,Confessions of a Shopaholic,['Sophie Kinsella'],Dell Publishing Company,2003-11-01,3.0,2958.0
0451409256,Making Minty Malone,['Isabel Wolff'],Onyx Books,2000,3.0,4.0
0451523415,Little Women,['Louisa May Alcott'],Signet Classics,1983,4.0,1.0
0451526279,Emma,['Jane Austen'],Signet Classics,1996,4.0,9.0
0451526341,Animal Farm,['George Orwell'],National Geographic Books,2004-04-06,4.0,1822.0
0486415864,Great Expectations,['Charles Dickens'],Courier Corporation,2001-08-01,4.5,3.0
0553280589,Eva Luna,['Isabel Allende'],Bantam,1989,3.5,24.0
0571197639,The Poisonwood Bible,['Barbara Kingsolver'],,1998,4.0,283.0
0670035262,The Green Man,"['Ellen Datlow', 'Terri Windling']",Viking Juvenile,2002,4.5,7.0
0679423079,Nicholas Nickleby,['Charles Dickens'],National Geographic Books,1993-10-26,,
0679751343,Angels & Insects,['A. S. Byatt'],Vintage,1994-03-29,3.5,8.0
0684833395,Catch-22,['Joseph Heller'],Simon & Schuster,1994,4.0,8.0
0743245024,The Forsyte Saga,['John Galsworthy'],Touchstone,2002-09-03,3.5,6.0
0749748028,The Folk of the Faraway Tree,"['Enid Blyton', 'Jill Newton']",,2002-01,4.5,5.0
0963094424,Angels & Visitations,['Neil Gaiman'],Dreamhaven Books,1993,4.0,3.0
1401201172,The League of Extraordinary Gentlemen,"['Alan Moore', ""Kevin O'Neill""]",Wildstorm,2003,3.5,41.0
1563898586,The League of Extraordinary Gentlemen,['Alan Moore'],,2000,3.5,27.0
156971620X,Harlequin Valentine,"['Neil Gaiman', 'John Bolton']",Dark Horse Comics,2001,3.0,1.0
1592571301,Alpha Teach Yourself American Sign Language in 24 Hours,['Trudy Suggs'],,2003,,
0374270325,A Man in Full,['Tom Wolfe'],"Farrar, Straus and Giroux",1998-11-12,3.0,22.0
0375719180,The Miracle Life of Edgar Mint,['Brady Udall'],Vintage Books,2002,3.5,24.0
0440235502,October Sky,['Homer Hickam'],National Geographic Books,1999-02-16,4.0,1.0
044023722X,A Painted House,['John Grisham'],Dell Publishing Company,2002,4.0,84.0
1573225487,The Romance Reader,['Pearl Abraham'],National Geographic Books,1996-09-01,4.0,13.0
1853260673,Far from the Madding Crowd,['Thomas Hardy'],Wordsworth Editions,1993,2.5,2.0
0060977477,The Perfect Storm,['Sebastian Junger'],Harper Collins,1999-10,4.0,56.0
0345391691,The Battle for God,['Karen Armstrong'],Ballantine Books,2001,3.5,15.0
0520011171,Sappho,['Sappho'],Univ of California Press,1958,4.0,2.0
0553278746,The Postman,['David Brin'],Spectra,1997,3.5,40.0
0670856045,The Tortilla Curtain,"['T. Coraghessan Boyle', 'Thomas John Boyle']",Viking Adult,1995,3.5,54.0
0872200760,Symposium,['Plato'],Hackett Publishing Company Incorporated,1989,,
0937858994,The What's Happening to My Body? Book for Boys,"['Lynda Madaras', 'Dane Saavedra']",,1987,,
0671649949,The Object of My Affection,['Stephen McCauley'],,1988,4.0,3.0
0064470113,Taking the Ferry Home,['Pam Conrad'],Trophy Press,1990,,
0553571486,Angel of Hope,['Lurlene McDaniel'],Laurel Leaf,2000,,
0312963009,Neanderthal,['John Darnton'],St. Martin's Paperbacks,1997-05-15,3.0,9.0
0345430476,A Small Dark Place,['Martin Schenk'],Ballantine Books,1999,,
0345435869,The Rivan Codex,"['David Eddings', 'Leigh Eddings']",National Geographic Books,1999-11-02,3.0,1.0
0380728729,Babyhood,['Paul Reiser'],Harper Collins,1998-08,4.0,3.0
038081840X,Year's Best Fantasy,"['David G. Hartwell', 'Kathryn Cramer']",Harper Collins,2001-07-03,,
0449912302,Dave Barry in Cyberspace,['Dave Barry'],Ballantine Books,1997,3.5,6.0
0671018930,The War in Heaven,['Theodore Beale'],,2000,,
0812541642,Waiting,['Frank M. Robinson'],Tor Books,2000-04-15,,
0312988699,Nowhere to Run,['Mary Jane Clark'],Macmillan,2004-07-11,3.0,2.0
8483007010,El gust amarg de la cervesa,['Isabel-Clara Simó'],,1999,,
0385313748,All Our Yesterdays,['Robert B. Parker'],,1994,4.5,2.0
1575843366,What Shall I Be?,['Rita Balducci'],Reader's Digest Children's Books,1999,,
0684193957,All That Remains,['Patricia Cornwell'],Simon and Schuster,1992-08-17,4.0,3.0
0345371984,Last Chance to See,"['Douglas Adams', 'Mark Carwardine']",National Geographic Books,1992-10-13,4.5,43.0
0380730138,Vinegar Hill,['A. Manette Ansay'],Harper Perennial,2001,3.0,31.0
1573228737,Affinity,['Sarah Waters'],National Geographic Books,2002-01-08,3.5,67.0
9681500555,Diario de Ana Frank,['Anne Frank'],Editores Mexicanos Unidos-Mex,1997-10-01,,
0380711109,Desert Notes,['Barry Holstun Lopez'],Quill,1990,3.5,4.0
0452283914,The Best Democracy Money Can Buy,['Greg Palast'],Plume Books,2004,4.5,11.0
0425120279,The Hunt for Red October,['Tom Clancy'],Berkley,1990,4.0,36.0
067153484X,The Music Box,['Andrea Kane'],,1998,,
0380728273,Liberty Falling,['Nevada Barr'],Harper Collins,2000,3.5,8.0
8433914545,El palacio de la luna,['Paul Auster'],Editorial Anagrama,1996,4.5,11.0
8484509141,Mientras escribo,['Stephen King'],Distribooks,2002,,
0446606197,Killer Market,['Margaret Maron'],Grand Central Pub,1999-01-01,2.0,1.0
0771076002,Remembering Peter Gzowski,['Edna Barker'],Douglas Gibson Books,2002,,
0771088191,The Best Canadian Animal Stories,['Muriel Whitaker'],McClelland & Stewart Limited,1997,,
1559703237,Trying to Save Piggy Sneed,['John Irving'],Arcade Publishing,1996,3.0,10.0
0062770500,Seattle Access,"['HarperReference', 'J. Kingston Pierce']",Access Press (HarperCollins),1993,,
0060188731,Bel Canto,['Ann Patchett'],Harper Collins,2001-05-22,4.0,238.0
0140374248,James and the Giant Peach,['Roald Dahl'],Viking Books for Young Readers,1996-04-01,4.0,178.0
0142001740,The Secret Life of Bees,['Sue Monk Kidd'],Penguin Books,2003-01-28,4.0,359.0
0195086295,What a Wonderful World,"['Bob Thiele', 'Bob Golden']","Oxford University Press, USA",1995,4.5,13.0
0312995423,Digital Fortress,['Dan Brown'],Macmillan,2004-01-05,3.5,113.0
0380704587,Ladies of Missalonghi,['Colleen McCullough'],Harper Collins,1988-04-01,4.5,2.0
0380815923,Blackberry Wine,['Joanne Harris'],Harper Collins,2001-04-24,3.5,26.0
0385416342,The Firm,['John Grisham'],National Geographic Books,1991-02-01,4.0,52.0
0385418493,How the Irish Saved Civilization,['Thomas Cahill'],National Geographic Books,1996-02-01,3.5,46.0
038542471X,The Client,['John Grisham'],National Geographic Books,1993-02-01,4.5,2.0
0425098109,Thieves of Light,['Michael Hudson'],Berkley,1987,,
0449005410,Horse Heaven,['Jane Smiley'],National Geographic Books,2001-02-27,3.5,13.0
0449207544,Proof,['Dick Francis'],Fawcett Books,1985,4.0,17.0
0515128554,Heart of the Sea,['Nora Roberts'],Penguin,2000-12-01,4.0,13.0
0517577402,Mostly Harmless,['Douglas Adams'],Harmony,1992,3.0,50.0
0590450875,I Spy,"['Walter Wick', 'Jean Marzollo']",Cartwheel Books,1992-01-01,4.0,2.0
0590481371,I Spy Spooky Night,,Cartwheel Books,1996,4.0,1.0
067103619X,Lake News,['Barbara Delinsky'],,2000-05,3.5,8.0
0684177730,The Skull Beneath the Skin,['P. D. James'],Scribner Book Company,1982-01-01,3.5,16.0
0684180200,The New Shoe,['Arthur William Upfield'],Macmillan Publishing Company,1983,4.0,1.0
0743411269,An Accidental Woman,['Barbara Delinsky'],Pocket Books,2003-07-01,4.0,1.0
0743470389,The Snow Garden,['Christopher Rice'],Simon and Schuster,2004,3.5,12.0
076218857X,The Doorbell Rang,['Rex Stout'],,1968,4.0,14.0
0767905938,A Year by the Sea,['Joan Anderson'],National Geographic Books,2000-08-15,4.0,10.0
0800706544,Though I Walk Through the Valley,['Vance Havner'],Fleming H. Revell Company,1974-01-01,,
0801096677,Victorious Christians You Should Know,['Warren W. Wiersbe'],Baker Books,1997-07,,
0849953014,Book of Hebrews,['Max Lucado'],Nelson Reference & Electronic Pub,1997-02,,
0891091963,Inside Out,['Lawrence J. Crabb'],NavPress Publishing Group,1988-01,4.5,10.0
0915811537,Son-rise,['Barry Neil Kaufman'],H J Kramer,1994,,
0927545373,Unveiled at Last,['Bob Sjogren'],Y W A M Pub,1992,5.0,1.0
1575024179,The Day I Almost Quit,['Frederick J. Moody'],,1997-02,,
1880185008,Serving as Senders,['Neal Pirolo'],Emmaus Road International,1991-01-01,3.0,1.0
0140345809,House of Stairs,['William Sleator'],Puffin Books,1991-04-01,4.0,27.0
0156528207,The Little Prince,['Antoine de Saint-Exupry (author and illustrator)'],,1971,4.5,13.0
0451154916,The Crystal Handbook,['Kevin Sullivan'],Signet Book,1987,,
0785815147,Simple Wicca,['Michele Morgan'],Castle,2002-04,,
0875421288,"The Complete Book of Incense, Oils & Brews",['Scott Cunningham'],Llewellyn Worldwide Limited,1989,4.0,12.0
1567184294,The Western Mysteries,['David Allen Hulse'],Llewellyn Publications,2000,5.0,1.0
156718796X,Astral Travel for Beginners,['Richard Webster'],Llewellyn Worldwide,1998,4.0,1.0
1862047626,Runes,['Bernard King'],Element Books Limited,2000,,
0198320264,Julius Caesar,['William Shakespeare'],"Oxford University Press, USA",2001,5.0,1.0
0373245580,Marry Me... Again,['Cheryl St. John'],Silhouette,2003,,
0451527747,"Alice's Adventures in Wonderland ; &, Through the Looking-glass",['Lewis Carroll'],Signet Classics,2000,2.0,10.0
0671867113,Moonlight Becomes You,['Mary Higgins Clark'],Pocket Books,1997-05-01,4.0,3.0
0812504208,The Adventures of Tom Sawyer,['Mark Twain'],Aerie,1989,5.0,1.0
0060173289,Divine Secrets of the Ya-Ya Sisterhood,['Rebecca Wells'],Harper,1996-04-12,3.5,63.0
0060973897,Lakota Woman,['Dog Mary Crow'],Harper Perennial,1991-03-28,4.0,15.0
006101351X,The Perfect Storm,['Sebastian Junger'],HarperTorch,1998-06-03,4.0,53.0
0140104682,Heroes of Their Own Lives,['Linda Gordon'],Penguin Group USA,1989,,
0312143370,The Florence King Reader,['Florence King'],Macmillan,1996-05-15,5.0,1.0
0316666343,The Lovely Bones,['Alice Sebold'],Back Bay Books,2007-09-17,4.0,73.0
039456894X,Impossible Vacation,['Spalding Gray'],Alfred a Knopf Incorporated,1992,,
0440224675,Hannibal,['Thomas Harris'],Dell,2001,3.0,42.0
0449002632,London,['Edward Rutherfurd'],National Geographic Books,1998-03-28,,
0449213773,Life Before Man,"['Margaret Atwood', 'Margaret Eleanor Atwood']",Fawcett Books,1987,3.5,10.0
0452279690,Cavedweller,['Dorothy Allison'],Penguin Books,1999-05-01,,
0553569058,The Robber Bride,['Margaret Atwood'],Bantam,1995,4.0,72.0
0679427430,Wouldn't Take Nothing for My Journey Now,['Maya Angelou'],Random House,1993-09-21,4.0,10.0
0802114369,Ohitika Woman,"['Mary Brave Bird', 'Richard Erdoes']",Grove/Atlantic,1993,,
0803233019,Black Elk Speaks,"['Black Elk', 'John G. Neihardt']","Lincoln, Neb. : University of Nebraska Press",1979,4.0,21.0
0819154946,The Community in America,['Roland Leslie Warren'],University Press of Amer,1987,,
0897322339,"The Best in Tent Camping, Smoky Mountains",['Johnny Molloy'],Menasha Ridge Press,1997,,
0940322978,Mawrdew Czgowchwz,['James McCourt'],National Geographic Books,2002-02-01,4.5,2.0
1573225126,Prozac Nation,['Elizabeth Wurtzel'],,1995,3.5,26.0
1579651658,The Journey from Here,['Bill Bradley'],Artisan Books,2000-09-26,,
1878424319,The Four Agreements,"['Don Miguel Ruiz', 'Janet Mills']","Hay House, Inc",1997-11-07,3.5,3537.0
8401351421,El desarrollo de Leonardo da Vinci,['Luis Racionero'],"Plaza & Janes Editores, S.A.",1986-01-01,,
8427007450,Desaparecido,['Thomas Hauser'],,1982,,
8429736131,La dona dels ulls de pluja,['Víctor Mora'],,1993,,
8440616252,El paraíso,['Elena Castedo'],Ediciones B Grupo Zeta,1990,,
8478800336,Cómo ser una mujer y no morir en el intento,['Carmen Rico-Godoy'],Planeta,1990,,
8478884963,Una Casa en Irlanda,['Maeve Binchy'],,2000,,
8483002523,La mirada del tafur,['Ferran Torrent'],,1997,,
0600586898,Blur,['Paul Lester'],Hal Leonard Corporation,1995,,
1853260622,War and Peace,['graf Leo Tolstoy'],Wordsworth Editions,1993,3.5,3.0
1857938011,The A-Z of Behaving Badly,"['Simon Nye', 'Paul Dornan']","Pavilion Books, Limited",1995,,
0060804157,He,['Robert A. Johnson'],HarperCollins Publishers,1977,,
8466601090,Las dos muertes de Gardel,['Horacio Vázquez Rial'],,2001,,
0140382658,You Can Surf the Net!,['Marc Gascoigne'],Puffin,1996,,
0152012966,I Want to Be-- a Veterinarian,"[""Catherine O'Neill Grace"", 'Stephanie Maze']",Harcourt Childrens Books,1997,4.0,1.0
0312283784,Alice's Tulips,['Sandra Dallas'],Macmillan,2001-09-18,4.0,13.0
0345297709,Centaur Aisle,['Piers Anthony'],Del Rey,1981,3.5,6.0
0345313097,Crewel Lye,['Piers Anthony'],Del Rey,1985,4.0,7.0
0345335465,Dragonflight,['Anne McCaffrey'],National Geographic Books,1969,3.5,76.0
0385333404,Dating Big Bird,['Laura Zigman'],,2000,2.0,14.0
044021145X,The Firm,['John Grisham'],Dell,1992,4.0,52.0
0449212084,Murder at the Kennedy Center,['Margaret Truman'],Fawcett,1990-05-28,5.0,2.0
0553582682,Guinness World Records 2000,['Guinness World Records'],Bantam Books,2000-05-02,2.0,1.0
0590947257,Forever Amber Brown,['Paula Danziger'],Little Apple,1997,,
074345829X,Philip José Farmer's the Dungeon,"['Richard A. Lupoff', 'Philip José Farmer', 'Bruce Coville']",iBooks,2003,,
0786913878,Pool of Radiance,['Carrie Bebris'],,2001,,
0801491827,Feminism and Suffrage,['Ellen Carol DuBois'],,1980,,
0816729913,Why are Boys So Weird?,['Candice F. Ransom'],Troll Communications Llc,1994,,
0843136685,Sheldon & Mrs. Levine,"['Sam Bobrick', 'Julie Stein']",PSS Adult,1994,,
0866119531,Black Beauty,"['Deidre S. Laiken', 'Anna Sewell']",Playmore Publishers,1989,,
0866119566,Oliver Twist,['Charles Dickens'],Playmore Publishers,1989-05,4.0,1.0
0870441663,The Wild Ponies of Assateague Island,['Donna K. Grosvenor'],,1975,,
1561561428,Frankenstein,['Mary Wollstonecraft Shelley'],Kidsbooks LLC,1992-07,,
0553210092,The Scarlet Letter,['Nathaniel Hawthorne'],National Geographic Books,1981-02-01,4.0,5.0
0553258524,Dragonsong,['Anne McCaffrey'],Skylark,1977,4.0,44.0
1569471096,Was it Something I Said?,['Valerie Block'],Soho PressInc,1998,,
055358099X,Cloud Nine,['Luanne Rice'],Bantam,2000,5.0,3.0
0316168815,The Lovely Bones,['Alice Sebold'],Back Bay Books,2004-04-20,4.0,74.0
014023828X,The Tortilla Curtain,['T.C. Boyle'],National Geographic Books,1996-09-01,3.5,54.0
0316314927,Sarah Conley,['Ellen Gilchrist'],Back Bay Books,1998-08-17,,
0345424719,A Widow for One Year,['John Irving'],Ballantine Books,1999-03-23,4.0,63.0
0375414746,The Clearing,['Tim Gautreaux'],Knopf,2003,4.0,17.0
0375726403,Empire Falls,['Richard Russo'],Vintage,2002-04-12,4.0,5.0
0385503857,Oryx and Crake,['Margaret Atwood'],,2003,3.5,303.0
0425156842,Sophie's World,['Jostein Gaarder'],Berkley Publishing Group,1991,3.5,1914.0
0440226104,Black and Blue,['Anna Quindlen'],Dell Publishing Company,1999,3.5,29.0
0452277337,Le Divorce,['Diane Johnson'],National Geographic Books,1998-01-01,3.0,13.0
0553802488,The Face,['Dean Ray Koontz'],Bantam,2003,4.0,3.0
0671021001,She's Come Undone,['Wally Lamb'],Pocket Books,1998-06-01,4.0,25.0
0767903579,Falling Leaves,['Adeline Yen Mah'],Crown,1999-04-06,3.5,33.0
0805063897,Nickel and Dimed,['Barbara Ehrenreich'],Holt Paperbacks,2002,3.5,273.0
0679777431,The Game of Kings,['Dorothy Dunnett'],Vintage,1997,4.0,43.0
0553285343,The Russia House,['John Le Carré'],Bantam,1990,3.0,9.0
0486285529,Solv-a-crime Puzzles,"['A. C. Gordon', 'Kurt D. Singer', 'Singer Media Corporation']",Courier Corporation,1995-05-01,3.0,1.0
0671002481,The First Wives Club,['Olivia Goldsmith'],Simon and Schuster,1996,4.0,9.0
0812523385,Selected Poems of Emily Dickinson,['Emily Dickinson'],Macmillan,1993-02-15,3.5,3.0
0895774666,Watercolor School,['Hazel Harrison'],Readers Digest,1993,,
0020199090,Joshua in the Holy Land,['Joseph F. Girzone'],Simon & Schuster Books For Young Readers,1993,5.0,1.0
0679733825,Sisters of the Earth,['Lorraine Anderson'],Vintage,1991,5.0,1.0
0842329129,Left Behind,"['Tim LaHaye', 'Jerry B. Jenkins']",Tyndale House Pub,1998,3.5,3848.0
0345451260,Househusband,['Ad Hudler'],,2002,3.5,4.0
0740700235,"Rinkitink in Oz. (Wonderful Oz Books, Book 10.)",['Lyman Frank Baum'],Harper Collins,1980,4.0,4.0
0380973545,Letters from a Nut,['Ted L. Nancy'],Harper Collins,2001-01-01,3.5,25.0
0393321576,Karl Marx,['Francis Wheen'],W. W. Norton & Company,2000,4.0,7.0
0743424425,The Shining,['Stephen King'],Pocket,2001-08-28,4.0,2857.0
0786868015,The Diary of Ellen Rimbauer,['Steven Rimbauer'],Hyperion Books,2002-01-09,4.0,22.0
0446610178,The Sky Is Falling,['Sidney Sheldon'],Grand Central Publishing,2001-07-01,3.5,10.0
0684854953,Santa & Pete,"['Christopher Moore', 'Pamela Johnson']",,1998,,
0380617625,The Kingdom,['Robert Lacey'],Avon Books,1983,4.5,3.0
0380732335,Florida Roadkill,['Tim Dorsey'],HarperTorch,2000-05-30,3.5,18.0
0440235057,Be Cool,['Elmore Leonard'],Dell Publishing Company,2000-01,3.5,7.0
0445402040,The Hunted,['Elmore Leonard'],Popular Library,1986,2.5,5.0
0618119760,Saints of Big Harbour,['Lynn Coady'],Houghton Mifflin Harcourt,2002,3.0,1.0
0871138646,Old Flames,['John Lawton'],,2003,4.0,6.0
0026329859,From the Earth,['Eileen Yin-Fei Lo'],John Wiley & Sons Incorporated,1995,5.0,1.0
0060621257,Living in the Presence,['Tilden Edwards'],Harpercollins,1987,,
0060915544,The Bean Trees,['Barbara Kingsolver'],Harper Perennial,1989-02-15,4.0,102.0
0060917016,Homeland and Other Stories,['Barbara Kingsolver'],Harper Perennial,1990-04-13,3.5,7.0
0060925000,A Suitable Boy,['Vikram Seth'],Harpercollins,1993,3.5,70.0
0061000280,The Fly on the Wall,['Tony Hillerman'],HarperTorch,1990-05-15,3.0,11.0
0192815318,Cranford,['Elizabeth Cleghorn Gaskell'],,1980,3.5,62.0
0312195516,The Red Tent,['Anita Diamant'],Picador,1998-09-15,4.0,3657.0
0380792664,The Right Hand of Amon,['Lauren Haney'],Avon,1997-11-01,3.5,3.0
0393048977,Last Blue,['Gerald Stern'],W. W. Norton,2000,,
0399137807,The Cat who Wasn't There,['Lilian Jackson Braun'],Putnam Publishing Group,1992,4.0,5.0
039914739X,Isle of Dogs,['Patricia Daniels Cornwell'],Putnam Adult,2001,2.0,11.0
0451203046,Light a Penny Candle,['Maeve Binchy'],Penguin,2001-02-01,3.5,17.0
0451410556,The Blue Last,['Martha Grimes'],Berkley,2002,4.0,3.0
0451523318,The Turn of the Screw and Other Short Novels,['Henry James'],Signet Classics,1962,5.0,1.0
0486281965,The Country of the Pointed Firs,['Sarah Orne Jewett'],Courier Corporation,1994,4.0,24.0
0486292940,Early Poems,['William Carlos Williams'],Courier Corporation,1997,4.0,1.0
051762639X,Barchester Towers,['Anthony Trollope'],Random House Value Pub,1986-11,5.0,1.0
0684824442,Reef,['Edith Wharton'],Simon and Schuster,1996-07-24,4.0,5.0
081296666X,Things My Girlfriend and I Have Argued About,['Mil Millington'],Villard,2003-01-14,4.0,12.0
0819215635,Listening Hearts,"['Joseph P. Gill', 'R. Taylor McLean', 'Susan M. Ward']",Morehouse Publishing,1991,3.5,2.0
0880011025,"Unattainable Earth,",['Czeslaw Milosz'],Ecco,1987-09-21,,
1561011525,The Practice of Prayer,['Margaret Guenther'],Rowman & Littlefield,1998,5.0,1.0
1877727083,Vertical Poetry,['Roberto Juarroz'],White Pine Press (NY),1992,,
0486206173,Rubinstein's Chess Masterpieces,['Akiba Rubinstein'],Courier Corporation,1960-01-01,5.0,1.0
0312278586,The Nanny Diaries,"['Emma Mclaughlin', 'Nicola Kraus']",Macmillan,2002-03-13,3.0,3672.0
8845229041,Sulla sponda del fiume Piedra mi sono seduta e ho pianto,['Paulo Coelho'],,1996,,
887641486X,I giorni dell'abbandono,['Elena Ferrante'],E/O,2002,,
0140370900,The Gizmo,['Paul Jennings'],Penguin Global,1994,4.0,3.0
0674511255,The Last Best Hope of Earth,['Mark E. Neely'],,1993,3.5,3.0
0312965745,Secrets of St. John's Wort,['Larry Katzenstein'],St. Martin's Paperbacks,1998-01-15,,
0345374657,Diet for a Poisoned Planet,['David Steinman'],,1992,,
0395710901,Punished by Rewards,['Alfie Kohn'],Houghton Mifflin Harcourt,1993-01-01,4.5,3.0
080521061X,Montessori Today,['Paula Polk Lillard'],Schocken,1996-01-30,,
0823032612,Sketching Techniques,['Mary Suffudy'],,1985,,
0679310002,Going Down Swinging,['Billie Livingston'],Random House of Canada Limited,1999,5.0,3.0
0312288115,Confessions of a Sociopathic Social Climber,['Adele Lang'],Macmillan,2002-06-04,3.0,12.0
0316171107,Like a Hole in the Head,['Jen Banbury'],Little Brown,1998-01,5.0,1.0
0380710218,Postmortem,['Patricia Daniels Cornwell'],,1991,3.0,4.0
0515118656,The Cove,['Catherine Coulter'],Berkley,1996-04-01,2.5,19.0
0553289063,An Inconvenient Woman,['Dominick Dunne'],Bantam,1991,4.5,2.0
0671000306,Shock Wave,['Clive Cussler'],Pocket Books,1996,3.5,7.0
0671673688,While My Pretty One Sleeps,['Mary Higgins Clark'],Pocket Books,1990-07-01,4.0,6.0
0425178242,Kick Ass,['Carl Hiaasen'],Berkley Publishing Group,2001,,
0618173870,Everything is Illuminated,['Jonathan Safran Foer'],Houghton Mifflin Harcourt,2002,3.5,160.0
0375403582,Rules of the Wild,['Francesca Marciano'],Pantheon,1998,2.5,6.0
0385721420,Three Junes,['Julia Glass'],Anchor,2002,3.5,69.0
0451202341,Back Roads,"[""Tawni O'Dell""]",Penguin,2001-01-01,3.5,27.0
0743418190,In Her Shoes,['Jennifer Weiner'],Beyond Words/Atria Books,2002-09-17,3.5,53.0
0385335407,The Kiss,['Danielle Steel'],"Random House Digital, Inc.",2001,5.0,1.0
0965746828,Home Spun,['Leon Hale'],Winedale Pub,1997,,
0060923245,Sweet Hereafter,['Russell Banks'],Harper Perennial,1992-06-26,4.0,20.0
0486272664,The Rime of the Ancient Mariner and Other Poems,['Samuel Taylor Coleridge'],Courier Corporation,1992-09-18,4.0,3.0
0786015276,11th Hour,['Bradley Warshauer'],Pinnacle Books,2003,,
0060913509,In Country RI,['Bobbie Ann Mason'],Harper Perennial,1986-10-22,3.0,7.0
0553272837,Brazen Virtue,['Nora Roberts'],National Geographic Books,1988-05-01,3.5,9.0
0440225078,Ghost Moon,['Karen Robards'],National Geographic Books,2001-10-09,3.5,9.0
0312145543,Brewing Up a Storm,['Emma Lathen'],Minotaur Books,1996,3.0,1.0
0425181111,Strangers,['Dean Koontz'],National Geographic Books,2002-10-01,3.5,16.0
0380732688,Milk and Honey,['Faye Kellerman'],Avon,2002-12-31,3.5,8.0
0140286276,The Deep End of the Ocean,['Jacquelyn Mitchard'],National Geographic Books,1999-10-01,5.0,1.0
0373484100,Night Tales,['Nora Roberts'],Silhouette,2000,4.5,3.0
0449907481,A Thousand Acres,['Jane Smiley'],Fawcett Books,1992,3.5,56.0
0553107305,Chopping Spree,['Diane Mott Davidson'],Bantam,2002,3.5,11.0
080213825X,Four Blondes,['Candace Bushnell'],,2001,2.5,14.0
0515127833,River's End,['Nora Roberts'],Penguin,2000-05-01,5.0,4.0
0345441133,Summer Island,['Kristin Hannah'],National Geographic Books,2002-06-25,3.0,20.0
0515134279,The Straw Men,['Michael Marshall'],Penguin,2002,3.5,12.0
0945586051,The Doctor/the Patient,['Allen Widome'],,1989-01-01,,
0385490992,The Street Lawyer,['John Grisham'],Doubleday,1998-02-16,3.5,42.0
0385424728,The Chamber,['John Grisham'],Doubleday,1994,3.5,19.0
0312980388,Warlock,['Wilbur Smith'],Macmillan,2002-09-16,4.0,15.0
0385472951,The Partner,['John Grisham'],Doubleday,1997-02-26,5.0,2.0
0451195663,Primal Scream,['Michael Slade'],Signet,1998,4.0,1.0
0425182878,Chosen Prey,['John Sandford'],Berkley,2002,4.0,17.0
0553564528,Guilty as Sin,['Tami Hoag'],Bantam,1997,3.5,9.0
055356451X,Night Sins,['Tami Hoag'],Bantam,1995-12-01,4.5,2.0
0743412621,The Second Time Around,['Mary Higgins Clark'],Pocket Books,2004-04-01,5.0,2.0
0849943728,Three,['Ted Dekker'],WestBow Press,2003,3.5,42.0
0849943450,The Canopy,['Angela Elwell Hunt'],Thomas Nelson Inc,2003,4.5,9.0
084994371X,Blink,['Ted Dekker'],Thomas Nelson,2002,4.0,48.0
0020442408,Prince Caspian,['Clive Staples Lewis'],,1970,,
0553225987,Robert's Rules of Order,['Will Eisner'],Bantam,1986-10-01,5.0,1.0
042517736X,Abduction,['Robin Cook'],Penguin,2000,3.0,4.0
038549825X,Not a Day Goes by,['E. Lynn Harris'],Anchor,2001,4.0,2.0
0553202294,Linda Goodman's Sun Signs,['Linda Goodman'],Bantam Books,1981-07-01,4.5,8.0
0345313860,The Vampire Lestat,['Anne Rice'],Ballantine Books,1986-09-12,5.0,5.0
0345369947,The Mummy Or Ramses the Damned,['Anne Rice'],Random House LLC,1991,3.5,5.0
067170124X,His Little Women,['Judith Rossner'],,1991,,
0345353625,Her Mother's Daughter,['Marilyn French'],,1988,4.5,4.0
0308102282,Your Erroneous Zones,['Wayne W. Dyer'],Funk & Wagnalls Company,1976-01,4.0,11.0
006017143X,The Night Listener,['Armistead Maupin'],Harper,2000-09-19,3.5,9.0
0679401377,The Hellfire Club,['Peter Straub'],Random House Incorporated,1996,3.5,5.0
1562827049,The Diary of Jack the Ripper,['Shirley Harrison'],Hyperion,1993-10-31,3.5,5.0
0385306032,Vanished,['Danielle Steel'],,1993,3.0,3.0
0821772953,The Morning After,['Lisa Jackson'],Zebra Books,2004,4.0,6.0
0345379454,Missing Susan,['Sharyn McCrumb'],,1992,3.0,5.0
0553576925,Hiding in the Shadows,['Kay Hooper'],National Geographic Books,2000-10-03,3.5,8.0
0743206053,Kitchen Privileges,['Mary Higgins Clark'],,2002,3.0,9.0
0688169678,We Are Our Mothers' Daughters,['Cokie Roberts'],Harper Collins,2000-04-05,,
0439319552,Horus's Horrible Day,['Shana Corey'],Arthur A. Levine Books,2001-08-01,,
0590870157,My Garden,['Jesse S. Ostrow'],Scholastic Incorporated,1994,,
0440441501,In the Dinosaur's Paw,['Patricia Reilly Giff'],Yearling Books,1992,,
0590687301,Ralph S. Mouse,['Beverly Cleary'],,1982,3.0,12.0
0439061644,The First Journey,['K. A. Applegate'],Scholastic Paperbacks,1999,,
0439569842,How Do Dinosaurs Learn to Read?,['Jane Yolen'],,2003,3.5,2.0
0307118703,My First Book about Space,['Dinah L. Moché'],Golden Books,1982,,
0590418858,You be the Jury,['Marvin Miller'],,1989,3.0,1.0
030720152X,Comic Characters,['Craig Boldman'],,1983,,
0816728739,The Time Machine,"['H. G. Wells', 'Raymond James']",Troll Communications Llc,1993,4.0,19.0
0812519655,Sacred Ground,['Mercedes Lackey'],Macmillan,1995-05-15,3.0,5.0
0812524853,Burning Water,['Mercedes Lackey'],Macmillan,1992-10-15,3.0,19.0
0449211770,The Tightrope Walker,['Dorothy Gilman'],Fawcett,1986-10-12,4.0,3.0
193072229X,MoveOn's 50 Ways to Love Your Country,['MoveOn.org'],New World Library,2004,2.0,3.0
0812521129,Children of the Night,['Mercedes Lackey'],Tor Books,1990,3.5,14.0
0345251733,Rainbow,['Christopher Finch'],,1976,,
1400077826,Cold Mountain,['Charles Frazier'],Vintage,2003,4.0,99.0
0312995431,A Fountain Filled With Blood,['Julia Spencer-Fleming'],Macmillan,2004-04-19,4.0,28.0
0312312628,Out of the Deep I Cry,['Julia Spencer-Fleming'],Macmillan,2004-04-26,4.0,22.0
0590021117,Little House on the Prairie,['Laura Ingalls Wilder'],,1953,4.5,28.0
068484267X,Angela's Ashes,['Frank McCourt'],Simon and Schuster,1999-05-25,4.0,14.0
0553578693,The Next Accident,['Lisa Gardner'],Bantam,2001,4.0,2.0
0380709260,Socks,['Beverly Cleary'],Harpercollins Childrens Books,2008-04-08,3.5,14.0
0807565288,The Pet Shop Mystery,['Gertrude Chandler Warner'],Albert Whitman,1996-01-01,5.0,1.0
0312986769,In the Bleak Midwinter,['Julia Spencer-Fleming'],Macmillan,2003-03-14,4.0,80.0
0345413377,The Amber Spyglass,['Philip Pullman'],Del Rey,2001,3.5,192.0
0679893105,The Golden Compass,['Philip Pullman'],Knopf Books for Young Readers,1996,4.0,333.0
0061096091,Eyeshot,['Lynn S. Hightower'],Harpercollins,1997,,
0345369068,"If Ever I Return, Pretty Peggy O",['Sharyn McCrumb'],Fawcett,1991-08-13,3.5,10.0
0451184718,The Rosewood Casket,['Sharyn McCrumb'],Signet Book,1997,3.5,6.0
0449209121,The Amazing Mrs. Pollifax,['Dorothy Gilman'],Fawcett,1970,3.5,19.0
0060938455,Fast Food Nation,['Eric Schlosser'],Harper Perennial,2002-01-01,4.0,109.0
080411952X,The Unsung Hero,['Suzanne Brockmann'],Ivy Books,2000-06-06,3.5,29.0
0060575808,The Two Princesses of Bamarre,['Gail Carson Levine'],Eos,2004-03-01,3.5,29.0
0060558865,Ella Enchanted,['Gail Carson Levine'],HarperCollins,1997-04-25,4.0,205.0
0767912918,Passing for Thin,['Frances Kuffel'],Crown Archetype,2004,4.5,2.0
0553298860,Bloodlines,['Susan Conant'],Crimeline,1993-12,3.0,3.0
0385335679,Kissing in Manhattan,['David Schickler'],National Geographic Books,2002-08-27,2.0,40.0
0671525832,Someone to Watch Over Me,['Judith McNaught'],Simon and Schuster,2003-11,3.5,13.0
0553279572,The Toynbee Convector,['Ray Bradbury'],Spectra,1989,3.5,8.0
0679450432,Dark Lady,['Richard North Patterson'],Knopf,1999,2.5,2.0
0821775863,The Future Scrolls,['Fern Michaels'],,2003,2.5,3.0
0821770209,About Face,['Fern Michaels'],Zebra Books,2003,,
0670855758,Tarot Says Beware,['Betsy Cromer Byars'],Viking Juvenile,1995,,
0553562819,Globalhead,['Bruce Sterling'],Spectra,1994-10,3.0,3.0
0446364193,Along Came a Spider,['James Patterson'],Grand Central Publishing,1993-12-01,4.5,13.0
0446519138,Simple Abundance,['Sarah Ban Breathnach'],Warner Books (NY),1995,3.5,23.0
0425179672,The River King,['Alice Hoffman'],Berkley,2001-07-01,4.0,23.0
0061042943,Final Appeal,['Lisa Scottoline'],HarperTorch,1994-09-26,3.5,7.0
0399144463,Who Moved My Cheese?,['Spencer Johnson'],Putnam Publishing Group,1998,3.5,3192.0
0965404560,Atonement,['Ian McEwan'],,2001,3.5,451.0
006015781X,Why Do Clocks Run Clockwise? and Other Imponderables,['David Feldman'],HarperCollins,1987,4.0,4.0
0060930705,Someone to Watch Over Me,['Richard Bausch'],Harper Collins,2009-03-17,4.0,2.0
0312206763,Stately Pursuits,['Katie Fforde'],Macmillan,1999-08-21,2.0,7.0
0316116025,The Pinball Effect,['James Burke'],Little Brown & Company,1996,,
0156013967,"My Father, Dancing",['Bliss Broyard'],Harper Perennial,2000,,
0385314019,Women on the Case,['Sara Paretsky'],,1996,,
0743444167,New Cardiff,['Charles Webb'],Washington Square Press,2002-01-01,,
0618231617,Almost,['Elizabeth Benedict'],Mariner Books,2002,4.0,5.0
1567920047,A Tally of Types,['Stanley Morison'],David R Godine Pub,1999,,
0811203220,Stand Still Like the Hummingbird,['Henry Miller'],New Directions Publishing,1962,4.5,4.0
1573229148,Crossing the Unknown Sea,['David Whyte'],National Geographic Books,2002-04-02,4.0,3.0
0787955671,The Future of Leadership,['Warren G. Bennis'],Jossey-Bass,2001-05-23,,
0425174484,Expecting Adam,['Martha Nibley Beck'],Berkley Publishing Group,2000,3.5,19.0
0385496907,No Future Without Forgiveness,['Desmond Tutu'],National Geographic Books,2000-10-17,5.0,1.0
0446523992,A Call to Conscience,"['Martin Luther King, Jr', 'Martin Luther King (Jr']",Grand Central Pub,2001-01-01,3.5,5.0
0140185216,On the Road,['Jack Kerouac'],Penguin USA,1991,3.0,3047.0
0684717255,I And Thou,['Martin Buber'],Simon and Schuster,1970,,
0486272745,The Prince,['Niccolò Machiavelli'],Courier Corporation,1992-09-21,5.0,1.0
8807120194,"Sarajevo, maybe",['Gianfranco Bettin'],Feltrinelli Editore,1994,,
0062507249,Becoming a Man,['Paul Monette'],Harper San Francisco,1993,3.5,5.0
0684801221,Old Man and the Sea,['Ernest Hemingway'],Scribner,2003,3.5,2553.0
1576737357,Becoming Me,['Melody Carlson'],National Geographic Books,2000-08-10,4.5,19.0
0060083298,The Dominant Blonde,['Alisa Kwitney'],Harper Collins,2002-05-14,3.0,2.0
0140293248,The Girls' Guide to Hunting and Fishing,['Melissa Bank'],National Geographic Books,2000-05-01,3.0,51.0
0807070718,Rena's Promise,"['Rena Kornreich Gelissen', 'Heather Dune Macadam']",Beacon Press,1995,4.5,17.0
0743213831,America the Beautiful,['Moon Unit Zappa'],Touchstone,2001-09-11,4.5,2.0
0345305477,Easy Travel to Other Planets,['Ted Mooney'],,1982-12-01,2.0,1.0
0061080519,The Mist and the Magic,['Susan Wiggs'],HarperCollins,1992-11-24,,
0142000205,Icy Sparks,['Gwyn Hyman Rubio'],Penguin,2001-03-08,3.5,24.0
0316735027,The True and Outstanding Adventures of the Hunt Sisters,['Elisabeth Robinson'],Little Brown & Company,2004,4.0,10.0
193156146X,The Time Traveler's Wife,['Audrey Niffenegger'],Macadam Cage Pub,2003,3.5,1824.0
015600710X,Strange Fits of Passion,['Anita Shreve'],Harvest Books,1999,4.0,7.0
0062517856,The Monk Downstairs,['Tim Farrington'],HarperOne,2002-07-09,2.5,14.0
0679767789,Lost In Place,['Mark Salzman'],Vintage,1996-05-28,3.5,6.0
0449911683,My Name is Asher Lev,['Chaim Potok'],Fawcett,1996,4.0,38.0
0425169626,Waking the Dead,['Scott Spencer'],Berkley Trade,2000-02,3.0,1.0
0449207757,Davita's Harp,['Chaim Potok'],Fawcett,1996,3.5,3.0
0449245691,The Book of Lights,['Chaim Potok'],Fawcett Books,1981,4.0,3.0
0140029400,The Mimic Men,['Vidiadhar Surajprasad Naipaul'],,1967,4.0,3.0
0140021566,The Mystic Masseur,['Vidiadhar Surajprasad Naipaul'],Penguin Group USA,1964,3.0,5.0
2253005274,Le grand Meaulnes /Alain-Fournier. Préface et comm. par Daniel Leuwers,['Alain-Fournier'],,1984,,
2266084372,Pourquoi j'ai mangé mon père,['Roy Lewis'],,2010-12-02,4.0,4.0
2070362388,Ravage Barjavel,['René Barjavel'],Gallimard Education,1972,2.5,2.0
2266029460,Voyage d'une Parisienne à Lhassa,['Alexandra David-Néel'],Pocket,1982,,
2070417743,Chroniques martiennes,['Ray Bradbury'],Editions Gallimard,2001-02-01,,
2266033689,Le diable au corps,['Raymond Radiguet'],Pocket,1990,,
2070384349,La faute de l'abbé Mouret,['Émile Zola'],Editions Gallimard,1991,,
207053880X,L'homme qui plantait des arbres,"['Jean Giono', 'Willi Glasauer']",Editions Gallimard,2002,2.0,1.0
2070334368,La guerre des boutons,['Louis Pergaud'],Le Livre de poche,1987,,
3889774016,Frauen der Welt,['Christa Wichterich'],,1995,,
3502670005,I Ging,['John Blofeld'],,1999,,
3499222604,Die globalisierte Frau,['Christa Wichterich'],Rowohlt Taschenbuch Verlag GmbH,1998,,
3746670055,Women are the niggers of the world,['Peter B. Heim'],,1994,,
0140620427,Sense and Sensibility,['Jane Austen'],"Penguin Books, Limited (UK)",1994,3.5,2641.0
3596144434,Der gemietete Mann,['Hera Lind'],,1999,,
3442724686,Der Gott der kleinen Dinge,['Arundhati Roy'],,1999,,
0385504209,The Da Vinci Code,['Dan Brown'],Doubleday,2003,3.0,3317.0
0446525502,The Rescue,['Nicholas Sparks'],Grand Central Pub,2000-01,4.0,29.0
0385500769,A Map of the World,['Jane Hamilton'],Doubleday Books,1994,3.5,33.0
0670892963,Bridget Jones,['Helen Fielding'],Viking Adult,2000,3.5,2085.0
0688180639,Vinegar Hill,['A. Manette Ansay'],William Morrow,1999-11-23,3.0,31.0
0316789089,The Pilot's Wife,['Anita Shreve'],Little Brown & Company,1998-05-06,3.5,8.0
0451197275,Saving Private Ryan,['Max Allan Collins'],Signet Book,1998,4.0,3.0
0425184129,Big Trouble,['Dave Barry'],Berkley Publishing Group,2001,3.5,26.0
0151001006,Snow Falling on Cedars,['David Guterson'],Houghton Mifflin Harcourt,1994,,
0385505833,Skipping Christmas,['John Grisham'],Doubleday Books,2001,3.5,5.0
0679442790,The Reader,['Bernhard Schlink'],Vintage,1998,3.5,190.0
0525943862,Cheaters,['Eric Jerome Dickey'],E P Dutton,1999,5.0,5.0
0609605925,Angel Falls,['Kristin Hannah'],Crown,2000,,
0060191929,The Saving Graces,['Patricia Gaffney'],Harper,1999-06-03,3.5,15.0
0743206045,Daddy's Little Girl,['Mary Higgins Clark'],Wattpad,2002,3.0,12.0
0684864843,The Vineyard,['Barbara Delinsky'],,2000,3.5,3.0
0684867818,The Looking Glass,['Richard Paul Evans'],Simon and Schuster,1999,4.5,4.0
0743406176,If Only it Were True,['Marc Levy'],Beyond Words/Atria Books,2000,4.0,5.0
0380978539,"Dear Stranger, Dearest Friend",['Laney K. Becker'],William Morrow,2000-10-01,4.0,1.0
0679603352,The Cider House Rules,['John Irving'],National Geographic Books,1999-11-03,4.0,69.0
0679410430,Lolita,['Vladimir Nabokov'],Everyman's Library,1993-03-09,5.0,1.0
0446523569,The Dollar Deficit: Causes and Cures,['H. Peter Gray'],,1967,3.5,35.0
0671042556,Blackbird,['Jennifer Lauck'],Atria Books,2000,4.0,15.0
0679450440,Protect and Defend,['Richard North Patterson'],Knopf,2000,4.0,9.0
0140107649,Blue Heaven,['Joe Keenan'],Penguin Group USA,1988,3.0,4.0
0609606727,Julie and Romeo,['Jeanne Ray'],Harmony,2000,3.5,3.0
0446527793,The Guardian,['Nicholas Sparks'],Grand Central Pub,2003,4.0,144.0
0446531332,Nights in Rodanthe,['Nicholas Sparks'],Grand Central Pub,2002,3.5,88.0
1570717257,Man and Boy,['Tony Parsons'],Sourcebooks Incorporated,1999,3.5,18.0
0060192631,One Heart,['Jane McCafferty'],Harper,1999-09-08,4.5,2.0
0385420161,Like Water for Chocolate,['Laura Esquivel'],Transworld Ireland,1992,5.0,4.0
0345339711,The Lord of the Rings,['John Ronald Reuel Tolkien'],,1973,5.0,2.0
052594463X,All of Me,['Venise T. Berry'],Dutton Adult,2000,4.5,3.0
039304016X,The Perfect Storm,['Sebastian Junger'],W. W. Norton,1997,4.0,51.0
0399147128,The Villa,['Nora Roberts'],Putnam Publishing Group,2001,3.5,9.0
0670031046,In this Mountain,['Jan Karon'],Viking Adult,2002,4.0,30.0
0394574745,All the Pretty Horses,['Cormac McCarthy'],Alfred a Knopf Incorporated,1992,4.0,14.0
0316969443,Suzanne's Diary for Nicholas,['James Patterson'],"Little, Brown",2001-07-16,4.0,56.0
0684868911,The Carousel,['Richard Paul Evans'],,2000,3.5,4.0
0842336214,The Promise Remains,['Travis Thrasher'],Tyndale House Pub,2000,,
0399148582,You Cannot be Serious,"['John McEnroe', 'James Kaplan']",Putnam Adult,2002,5.0,1.0
0684864320,Lake News,['Barbara Delinsky'],,1999,3.5,8.0
0525944834,Liar's Game,['Eric Jerome Dickey'],Dutton Adult,2000,4.0,7.0
0345428900,Out of the Blue,['Sally Mandel'],,2000,4.0,2.0
0451176812,Voice of the Eagle,['Linda Lay Shuler'],Signet Book,1993,4.5,3.0
0671525794,The Kingdom by the Sea,['Paul Theroux'],Washington Square Press,1984-10,3.0,9.0
0718144538,Shattered,['Dick Francis'],,2000,3.5,7.0
0446602086,The Proud and the Free,['Janet Dailey'],Grand Central Pub,1995,5.0,1.0
0394551427,Shoah,['Claude Lanzmann'],Pantheon,1985,,
0064407667,A Series of Unfortunate Events: The Bad Beginning Movie Tie-in Edition,['Lemony Snicket'],HarperCollins,2004-10-26,3.5,227.0
0007100221,Terror Firma,['Matthew Thomas'],Voyager,2001,4.0,1.0
2253148539,Le loup-garou,['Boris Vian'],LGF/Le Livre de Poche,2000,4.0,1.0
2253043974,Chronique d'une mort annoncée,['Gabriel García Márquez'],LGF/Le Livre de Poche,1981,,
0747549923,Last Exit to Brooklyn,['Hubert Selby'],Bloomsbury Pub Limited,2000,3.5,20.0
0743462335,More George W Bushisms,['Jacob Weisberg'],Simon & Schuster (Trade Division),2002,5.0,2.0
0140253580,Therapy,['David Lodge'],"Penguin Books, Limited (UK)",1996,4.0,7.0
0947782141,Scottish Ghosts,['Lily Seafield'],,1999,,
0743222229,George W. Bushisms,['Jacob Weisberg'],Gallery Books,2001-01-01,4.0,1.0
185479549X,The World's Stupidest Laws,['David Crombie'],Michael O'Mara Books,2000,,
0140292918,Of Mice and Men,['John Steinbeck'],"Penguin Books, Limited (UK)",2001,4.0,3293.0
1854795554,The World's Stupidest Signs,"[""Michael O'Mara""]",,2000,,
1858813093,Nessie the Loch Ness Monster,['Richard Brassey'],Dolphin,1996,,
2871290911,L'enquête : the XIII mystery,['Jean Van Hamme'],Dargaud,1999,,
0198604025,How Not to Say what You Mean,['R. W. Holder'],"Oxford University Press, USA",2002,,
1842151053,Cooking for One,['Valerie Ferguson'],Southwater Pub,2000,,
1860198597,How to Draw Celtic Knotwork,['Andy Sloss'],,1998,4.0,1.0
0767908473,The Sorcerer's Companion,"['Allan Zola Kronzek', 'Elizabeth Kronzek']",Broadway,2001,3.0,2.0
1842040154,Celtic Myths and Legends,['Charles Squire'],,2000,,
0140622063,Scottish Folk and Fairy Tales,['Gordon Jarvie'],,1997,4.0,2.0
0571209521,Terrible Times,['Philip Ardagh'],Eddie Dickens Trilogy,2002,,
1841952931,Glasgow Zen,['Alan Spence'],Canongate Books,2002,,
0890877564,Totally Muffins Cookbook,"['Helene Siegel', 'Karen Gillingham']",Celestial Arts,1995,,
1405200677,Tigger's Little Book of Diet and Exercise,['A. A. Milne'],,2002,,
0416196772,Eeyore's Little Book of Gloom,"['Alan Alexander Milne', 'Ernest Howard Shepard']",Methuen,1999,,
0747538069,The Adventures of Dougal,['Eric Thompson'],Bloomsbury Paperbacks,1998,,
0375501347,Amy and Isabelle,['Elizabeth Strout'],Random House Incorporated,1998,4.0,2.0
0060927240,Rule of the Bone,['Russell Banks'],Harper Collins,1996-03-27,3.5,18.0
0316776963,Me Talk Pretty One Day,['David Sedaris'],Back Bay Books,2001-06-05,3.5,3620.0
156341029X,Stone Butch Blues,['Leslie Feinberg'],Leslie Feinberg,1993,4.0,15.0
1888451084,Kamikaze Lust,['Lauren Sanders'],,2000,,
0451450256,Gossamer Axe,['Gael Baudino'],New Amer Library,1990,4.0,5.0
1555835953,Witchfire,['Lauren Maddison'],Alyson Publications,2001,5.0,1.0
0395877563,Seven Moves,['Carol Anshaw'],Houghton Mifflin Harcourt,1996,4.0,1.0
0962893862,Return to Isis,['Jean Stewart'],Rising Tide Press (AZ),1992,,
1555834531,Hood,['Emma Donoghue'],Alyson Books,1998,4.0,3.0
0393318435,Leaving Pipe Shop,['Deborah E. McDowell'],W W Norton & Company Incorporated,1998,,
0889740828,Love Ruins Everything,['Karen X. Tulchinsky'],Raincoast Books,1998,,
1563410443,Skin,['Dorothy Allison'],,1994,4.0,4.0
1563899388,Death at Death's Door,['Jill Thompson'],Vertigo,2003,3.0,9.0
1563411148,The Second Coming of Curly Red,['Jody Seay'],,1999,,
0553579681,Night Mares,['Manda Scott'],Crimeline,1999,4.0,1.0
0553579673,Hen's Teeth,['Manda Scott'],Crimeline,1999,4.0,2.0
0451181379,The Door to December,['Dean Ray Koontz'],Signet Book,1994,3.5,3.0
0786889160,No Shirt. No Shoes....No Problem!,['Jeff Foxworthy'],Hyperion,1997-05-01,4.0,2.0
0345370740,The Scions of Shannara,['Terry Brooks'],Del Rey Books,1991,4.5,21.0
0553574175,Rebel Dawn: Star Wars Legends (The Han Solo Trilogy),['A. C. Crispin'],Random House Worlds,1998,5.0,1.0
0553574167,The Hutt Gambit: Star Wars Legends (The Han Solo Trilogy),['A. C. Crispin'],National Geographic Books,1997-08-11,4.0,5.0
0553574159,The Paradise Snare: Star Wars Legends (The Han Solo Trilogy),['A. C. Crispin'],Random House Worlds,1997,4.0,8.0
0312287240,A Year of Full Moons,['Madelyn Arnold'],Macmillan,2002-08-07,,
0679801146,Alanna,['Tamora Pierce'],Random House Books for Young Readers,1997,4.0,131.0
0446300101,"The Beans of Egypt, Maine",['Carolyn Chute'],Grand Central Pub,1986,3.5,13.0
0821750410,Warrior Moon,['Sara Orwig'],Zebra Books,1995,,
0451456548,Cold Iron,['Melisa Michaels'],New Amer Library,1997,,
0060006048,Circle of Three #12: Written in the Stars,['Isobel Bird'],HarperTeen,2001-12-18,,
0312906552,The Space Merchants,"['Frederik Pohl', 'Cyril M. Kornbluth']",Macmillan,1987,3.5,26.0
0440117291,Dreamsnake,['Vonda N. McIntyre'],Dell,1979,4.0,26.0
0374386676,The Year They Burned the Books,['Nancy Garden'],"Farrar, Straus and Giroux (BYR)",1999-09-22,3.5,2.0
0786886463,A Density of Souls,['Christopher Rice'],Miramax,2001-08-22,4.0,14.0
0345395379,Slow River,['Nicola Griffith'],Ballantine Books,1996-08-20,3.5,20.0
0380788497,Changer,['Jane Lindskold'],Harper Voyager,1998-12-01,4.5,6.0
0374343381,Lark in the Morning,['Nancy Garden'],"Farrar, Straus & Giroux (BYR)",1991,,
0345403339,Saving Grace,['Lee Smith'],,1996,3.5,3.0
0440219604,I Hadn't Meant to Tell You this,['Jacqueline Woodson'],Laurel Leaf,1994,4.5,6.0
0767903285,Raise the Roof,"['Pat Head Summitt', 'Sally Jenkins']",Broadway,1998,5.0,1.0
0345429176,"UFOs, JFK, and Elvis",['Richard Belzer'],,1999,3.0,5.0
038529929X,Hannibal,['Thomas Harris'],,1999,3.0,43.0
1573229571,About a Boy,['Nick Hornby'],Riverhead Trade (Paperbacks),2002,3.5,67.0
0345418778,Mostly Harmless,['Douglas Adams'],National Geographic Books,2000-02-01,3.0,50.0
0517201658,The Thorn Birds,['Colleen McCullough'],Wings,1998-09-01,4.0,68.0
0743211383,Dreamcatcher,['Stephen King'],Simon and Schuster,2001,3.0,35.0
039914370X,Sudden Mischief,['Robert B. Parker'],Putnam Adult,1998,3.5,6.0
1884777805,Elements of Programming with Perl,['Andrew L. Johnson'],Manning Publications Company,2000,,
0312977905,To Catch a Cat,['Marian Babson'],Macmillan,2002-04-15,4.0,1.0
0812521331,People of the Wolf,"['W. Michael Gear', ""Kathleen O'Neal Gear""]",Macmillan,1992-01-15,3.0,10.0
0451205421,The Door to December,['Dean Koontz'],Penguin,2002-06-01,,
0894342789,College Majors and Careers,['Paul Phifer'],Ferguson Pub,2000,,
0440218535,Smilla's Sense of Snow,['Peter Høeg'],Island Books,1993,4.0,1.0
0449207595,The Grass is Always Greener Over the Septic Tank,['Erma Bombeck'],Fawcett,1976,3.0,7.0
8806142267,Viaggi del tempo immobile,['Roberto Vecchioni'],,1996,,
0670844594,Rumpole on Trial,['John Mortimer'],Penguin Group USA,1993,5.0,1.0
039457513X,Billy Bathgate,['E. L. Doctorow'],Random House Incorporated,1989,3.5,24.0
0394559487,Citizens,['Simon Schama'],Alfred a Knopf Incorporated,1989,,
0804001944,The Man who Killed the Deer,['Frank Waters'],Ohio University Press,1970,,
0590897985,The Music of Dolphins,['Karen Hesse'],Scholastic Inc.,1996,4.0,37.0
0689832877,Sunwing,['Kenneth Oppel'],Aladdin Paperbacks,2001,4.0,6.0
0689829698,Caddie Woodlawn,['Carol Ryrie Brink'],Aladdin Paperbacks,1999-05,4.0,29.0
0439042917,The Hork-Bajir Chronicles,['Katherine Applegate'],,1998,3.5,6.0
0064409457,The Silver Chair: Full Color Edition,['C. S. Lewis'],Harpercollins Childrens Books,2000-08-22,4.5,326.0
043922165X,Circles in the Stream,['Shelly Roberts'],Apple,2001,,
0152162445,High Wizardry,['Diane Duane'],Clarion Books,2001,5.0,2.0
0152162577,Deep Wizardry,['Diane Duane'],,1985,4.0,20.0
015216250X,Deep Wizardry,['Diane Duane'],Houghton Mifflin Harcourt,1985,3.0,2.0
1562477528,Going for Great,['Carolee Brockmann'],Amer Girl Pub,1999,,
0439221676,All That Glitters,['Rachel Roberts'],Apple,2001,5.0,1.0
0439221684,Cry of the Wolf,['Rachel Roberts'],Scholastic Paperbacks,2001,,
0439221714,The Secret of the Unicorn,['Rachel Roberts'],Apple,2002,,
0439221706,Spellsinger,['Rachel Roberts'],Scholastic Paperbacks,2002,,
0439221730,Trial by Fire,['Rachel Roberts'],Scholastic Paperbacks,2002,,
0440415993,"Ties That Bind, Ties That Break",['Lensey Namioka'],National Geographic Books,2000-11-14,4.0,10.0
0895872102,"The Hauntings of Williamsburg, Yorktown, and Jamestown",['Jackie Eileen Behrend'],Blair,1998,,
068983585X,The Janitor's Boy,['Andrew Clements'],Atheneum Books for Young Readers,2001-09-01,4.5,3.0
0345391802,The Hitchhiker's Guide to the Galaxy,['Douglas Adams'],Del Rey,1995-09-27,4.0,3410.0
185424597X,The Heavenly Man,"['Brother Yun', 'Paul Hattaway']",Monarch Books,2002,4.5,114.0
2080105434,The Little Book of Chocolate,"['Katherine Khodorowsky', 'Hervé Robert']",Flammarion-Pere Castor,2001,,
349913358X,Das Schlampenbuch,['Milena Moser'],,1993,,
3257201761,Die zwei Gesichter des Januars,['Patricia Highsmith'],,1974,,
3404121686,Nacht über den Wassern,['Ken Follett'],,1994,4.0,2.0
0345356578,A Man Rides Through,['Stephen R. Donaldson'],Del Rey Books,1988,3.5,14.0
0345346971,The Mirror of Her Dreams,['Stephen R. Donaldson'],Del Rey,1987,4.0,25.0
0753804700,The Reader,['Bernhard Schlink'],,1998-01,3.5,193.0
0451155750,The Dead Zone,['Stephen King'],Penguin,1980,3.5,24.0
0786890436,The Diary of Ellen Rimbauer,['Joyce Reardon'],Hyperion,2002-05-01,4.0,21.0
0415928087,A New Germany in a New Europe,"['Todd Herzog', 'Sander L. Gilman']",Psychology Press,2001,,
0521427150,Belonging in the Two Berlins,"['John Borneman', 'Acting Chair and Professor of Anthropology John Borneman']",Cambridge University Press,1992-10-15,,
0812923278,The Great Depression,['Robert S. McElvaine'],Crown,1993-12-06,5.0,1.0
0884111342,The Garden of Evil,['Bram Stoker'],Amereon Limited,1990,,
0345428544,Onslaught: Star Wars Legends,['Michael A. Stackpole'],Random House Worlds,2000-02-01,3.5,2.0
0671694049,The Long Dark Tea-time of the Soul,['Douglas Adams'],,1990,3.5,60.0
080901582X,The Return of Simple,['Langston Hughes'],Hill and Wang,1995-08-31,,
0449006557,Half Moon Street,['Anne Perry'],"Random House Digital, Inc.",2001-01-01,3.0,2.0
0373250339,A Minor Indiscretion,['Carole Matthews'],,2003,4.0,1.0
0380820447,"For Better, for Worse",['Carole Matthews'],Harper Collins,2002-04-16,3.0,2.0
0385497679,Hidden in Plain View,"['Jacqueline L. Tobin', 'Raymond G. Dobard']",Anchor,2000-01-18,2.5,7.0
0451454243,The Forest House,['Marion Zimmer Bradley'],Penguin,1995-04-01,3.0,13.0
0941423042,American Poetry Since 1970,['Andrei Codrescu'],,1987,4.0,1.0
0553101439,West of Dodge,"[""Louis L'Amour""]",Bantam,1996,3.5,2.0
0898151910,"How to Make $1,000 a Minute",['Jack Chapman'],,1987,,
0835949362,Non-manipulative Selling,"['Anthony J. Alessandra', 'Phillip S. Wexler']",,1981,,
0880701102,Come Before Winter and Share My Hope,['Charles R. Swindoll'],Zondervan Publishing Company,1994-05-12,3.0,1.0
039914563X,The Bear and the Dragon,['Tom Clancy'],Putnam Adult,2000,2.5,24.0
0312853238,Ender's Game,['Orson Scott Card'],Macmillan,1992-08-15,4.0,808.0
0688048730,Thinking on Paper,"['Vernon Alfred Howard', 'J. H. Barton']",William Morrow,1986,,
0425161722,Tom Clancy's Net Force,"['Tom Clancy', 'Steve Pieczenik', 'Steve Perry']",Berkley,1999-02-01,1.5,2.0
0385493800,The Testament,['John Grisham'],Doubleday,1999,4.0,58.0
0849916399,The Internet Church,['Walter P. Wilson'],W Publishing Group,2000,,
1928791107,The MP3 and Internet Audio Handbook,"['Bruce Fries', 'Marty Fries']",Teamcom,2000,,
067175145X,The Way Things Ought to be,['Rush H. Limbaugh'],Beyond Words/Atria Books,1992,3.5,10.0
0440211727,A Time to Kill,['John Grisham'],Dell,1992,5.0,1.0
0877192820,The Truth about Texas,['Anne Dingus'],Taylor Pub,1995,,
0380002450,Awakening,['Kate Chopin'],Harper Collins,1982-02-10,4.0,2.0
0793133955,Wall Street's Picks for 2000,['Kirk Kazanjian'],Kaplan Publishing,1999-09,,
0394178017,The Poetics of the New American Poetry,,,1979,,
0425134350,Patriot Games,['Tom Clancy'],Berkley,1992,3.5,29.0
0385479689,Dead Men Do Tell Tales,"['William R. Maples', 'Michael Browning']",Crown,1995-09-15,3.5,12.0
0380754851,Moonlighting,['Carl Hausman'],,1989,,
0380538504,Amanda Miranda,['Richard Peck'],Avon Books,1981-03-01,3.0,8.0
044661162X,Chasing the Dime,['Michael Connelly'],Vision,2003-09-01,3.5,22.0
0671742566,Tender Triumph,['Judith McNaught'],Simon and Schuster,1991-02-15,3.0,8.0
0515122408,The Cat Who Tailed a Thief,['Lilian Jackson Braun'],Penguin,1998-03-01,3.5,6.0
0440222818,Guilt,['John Lescroart'],National Geographic Books,1998-08-10,4.0,5.0
0451204050,On Secret Service,['John Jakes'],Penguin,2001,3.5,4.0
038533334X,Charming Billy,['Alice McDermott'],Delta,1998,3.0,1.0
0440120470,The Dinner Party,['Howard Fast'],Dell Publishing Company,1987,,
0451188209,A Palette for Murder,['Donald Bain'],,1995,3.0,1.0
0440130913,The Golden Cup,['Belva Plain'],Dell,1987-09-01,4.0,1.0
0449001954,Murder at the Library of Congress,['Margaret Truman'],National Geographic Books,2001-10-30,3.0,2.0
0345404777,No Safe Place,['Richard North Patterson'],Ballantine Books,1999-06-28,3.5,8.0
0451185277,Thorns of Truth,['Eileen Goudge'],Signet,1999,2.0,1.0
0440224829,Granny Dan,['Danielle Steel'],National Geographic Books,2000-07-05,4.0,7.0
0671779338,Border Bride,['Arnette Lamb'],,1993,4.0,2.0
0515134368,The Penwyth Curse,['Catherine Coulter'],Penguin,2002-12-31,,
0380759497,Xanth 15: The Color of Her Panties,"['Piers Anthony', 'Piers A. Jacob']",Harper Voyager,1992-09-01,,
3442098424,Der Fürst der Finsternis,['Anne Rice'],,1992,,
0394578791,A Reporter's Life,['Walter Cronkite'],Knopf,1996,4.0,8.0
1558505377,Jacob Marley's Christmas Carol,['Tom Mula'],Adams Media Corporation,1995,2.5,2.0
0373245696,Practice Makes Pregnant,['Lois Faye Dyer'],Silhouette,2003,4.0,1.0
0743201078,The Secret Lives of Girls,['Sharon Lamb'],,2001,,
068983571X,The Hound of the Baskervilles,['Arthur Conan Doyle'],Simon and Schuster,2000-06,4.5,4.0
0553256785,Sleeping Murder,['Agatha Christie'],Bantam,1983-05,,
0892967994,The Fractal Murders,['Mark Cohen'],"Hachette Digital, Inc.",2004,3.5,4.0
0061064505,Blowtorch@psycho.com,"['Sherry Shahan', 'Betsy Haynes']",Harpercollins,1997,,
1551668785,Final Stand,['Helen R. Myers'],MIRA,2002,,
0380817144,Lord of the Silent,['Elizabeth Peters'],Harper Collins,2002-04-02,4.0,6.0
0380752115,Whisper to Me of Love,['Shirlee Busbee'],,1991,2.0,1.0
0553212583,Wuthering Heights,['Emily Brontë'],Bantam Classics,1974,3.5,55.0
0446364762,The Stars Shine Down,['Sidney Sheldon'],Grand Central Publishing,1993-09-01,4.0,14.0
0425166619,Toxin,['Robin Cook'],Berkley Publishing Group,1999,3.5,14.0
0765341972,The Mothman Prophecies,['John A. Keel'],Macmillan,2002-02-18,4.0,14.0
0590514776,Meet the Stars of Buffy the Vampire Slayer,"['Jan Gabriel', 'Stefanie Scott']",Scholastic Paperbacks,1998-12-01,,
